http://www.reddit.com/by_id/t3_ejgfg,t3_ejgfd,t3_ejgfb,t3_ejgfa,t3_ejgf9,t3_ejgf8,t3_ejgf6,t3_ejgey,t3_ejgeu,t3_ejgeo,t3_ejgeg,t3_ejgef,t3_ejgee,t3_ejgea,t3_ejge3,t3_ejge1,t3_ejgdz,t3_ejgdx,t3_ejgdw,t3_ejgdv,t3_ejgdq,t3_ejgdp,t3_ejgdn,t3_ejgdm,t3_ejgdj,t3_ejgdh,t3_ejgd9,t3_ejgd8,t3_ejgd7,t3_ejgd5,t3_ejgd2,t3_ejgcx,t3_ejgcl,t3_ejgcb,t3_ejgca,t3_ejgc7,t3_ejgc6,t3_ejgc2,t3_ejgc0,t3_ejgbz,t3_ejgbw,t3_ejgbp,t3_ejgbo,t3_ejgbm,t3_ejgbl,t3_ejgbe,t3_ejgbb,t3_ejgb9,t3_ejgb8,t3_ejgb7,t3_ejgb1,t3_ejgay,t3_ejgau,t3_ejgar,t3_ejgag,t3_ejgaf,t3_ejgae,t3_ejgad,t3_ejgaa,t3_ejg9z,t3_ejg9x,t3_ejg9u,t3_ejg9s,t3_ejg9p,t3_ejg9h,t3_ejg9b,t3_ejg9a,t3_ejg99,t3_ejg98,t3_ejg96,t3_ejg95,t3_ejg92,t3_ejg90,t3_ejg8z,t3_ejg8y,t3_ejg8w,t3_ejg8t,t3_ejg8q,t3_ejg8m,t3_ejg8l,t3_ejg8h,t3_ejg8d,t3_ejg8b,t3_ejg86,t3_ejg85,t3_ejg81,t3_ejg7w,t3_ejg7t,t3_ejg7s,t3_ejg7k,t3_ejg7i,t3_ejg7a,t3_ejg79,t3_ejg73,t3_ejg70,t3_ejg6w,t3_ejg6v,t3_ejg6q,t3_ejg6m,t3_ejg6j,.json?limit=100
ejgfg,1,1,0,1,0,2,2,0,1,1,2,2,0,1,1,2,2,0,1,1
ejgfd,1,1,0,1,0,0,2,2,0.5,1,0,2,3,0.4,1,0,2,3,0.4,1
ejgfb,1,1,0,1,0,1,1,0,1,0,1,1,0,1,0,1,1,0,1,0
ejgfa,1,1,0,1,0,3,3,0,1,3,3,3,0,1,7,3,3,0,1,10
ejgf9,1,1,0,1,0,1,1,0,1,0,1,1,0,1,0,1,1,0,1,0
ejgf8,1,1,0,1,0,1,1,0,1,0,1,1,0,1,0,1,1,0,1,0
ejgf6,1,1,0,1,0,1,1,0,1,0,1,1,0,1,0,1,1,0,1,0
ejgey,1,1,0,1,0,1,2,1,0.666666666666667,0,1,2,1,0.666666666666667,0,1,2,1,0.666666666666667,0
ejgeu,1,1,0,1,0,2,2,0,1,0,5,7,2,0.777777777777778,1,4,7,3,0.7,1
ejgeo,1,1,0,1,0,2,3,1,0.75,0,2,4,2,0.666666666666667,0,2,4,2,0.666666666666667,0
ejgeg,2,2,0,1,0,3,3,0,1,7,3,3,0,1,9,3,3,0,1,8
ejgef,1,1,0,1,0,2,2,0,1,0,3,3,0,1,1,3,3,0,1,1
ejgee,1,1,0,1,0,2,2,0,1,0,2,2,0,1,0,2,2,0,1,0
ejgea,1,1,0,1,0,1,2,1,0.666666666666667,0,1,2,1,0.666666666666667,0,1,2,1,0.666666666666667,0
ejge3,2,2,0,1,0,2,2,0,1,0,2,2,0,1,1,2,2,0,1,1
ejge1,1,1,0,1,0,1,1,0,1,0,1,1,0,1,0,1,1,0,1,0
ejgdz,1,1,0,1,0,1,1,0,1,0,2,2,0,1,0,3,3,0,1,1
ejgdx,0,1,2,0.333333333333333,0,0,4,6,0.4,1,0,5,7,0.416666666666667,1,0,5,8,0.384615384615385,1
ejgdw,5,5,0,1,1,8,9,1,0.9,2,14,16,2,0.888888888888889,3,17,22,5,0.814814814814815,5
ejgdv,2,2,0,1,0,1,2,1,0.666666666666667,5,2,3,1,0.75,6,2,3,1,0.75,7
ejgdq,1,1,0,1,0,3,3,0,1,0,3,3,0,1,0,3,3,0,1,0
ejgdp,1,1,0,1,0,2,2,0,1,1,2,2,0,1,1,2,2,0,1,1
ejgdn,1,1,0,1,0,1,2,1,0.666666666666667,0,1,2,1,0.666666666666667,0,1,2,1,0.666666666666667,0
ejgdm,1,1,0,1,0,1,1,0,1,0,1,1,0,1,0,1,1,0,1,0
ejgdj,3,3,0,1,2,4,4,0,1,9,4,4,0,1,10,4,4,0,1,10
ejgdh,0,1,1,0.5,0,0,2,3,0.4,1,0,2,3,0.4,1,0,2,3,0.4,1
ejgd9,0,1,1,0.5,0,1,3,2,0.6,0,2,4,2,0.666666666666667,1,4,6,2,0.75,1
ejgd8,1,1,0,1,0,2,2,0,1,0,2,2,0,1,1,4,4,0,1,2
ejgd7,1,1,0,1,1,2,2,0,1,1,3,5,2,0.714285714285714,3,4,6,2,0.75,3
ejgd5,1,1,0,1,0,3,3,0,1,0,3,3,0,1,0,3,4,1,0.8,0
ejgd2,1,1,0,1,0,2,2,0,1,0,2,2,0,1,0,2,2,0,1,0
ejgcx,1,1,0,1,0,2,2,0,1,0,2,2,0,1,0,2,2,0,1,0
ejgcl,1,2,1,0.666666666666667,2,0,3,3,0.5,6,0,3,3,0.5,6,0,3,3,0.5,7
ejgcb,2,2,0,1,1,3,3,0,1,1,3,3,0,1,1,3,4,1,0.8,1
ejgca,0,1,1,0.5,0,0,1,2,0.333333333333333,0,0,1,3,0.25,0,0,1,3,0.25,0
ejgc7,2,2,0,1,0,3,3,0,1,0,4,4,0,1,1,4,4,0,1,1
ejgc6,1,1,0,1,1,1,1,0,1,1,1,1,0,1,1,1,1,0,1,1
ejgc2,1,1,0,1,0,2,2,0,1,0,2,2,0,1,0,4,4,0,1,0
ejgc0,1,1,0,1,0,1,1,0,1,0,1,1,0,1,0,1,1,0,1,0
ejgbz,3,3,0,1,2,5,5,0,1,2,8,8,0,1,3,8,9,1,0.9,6
ejgbw,1,1,0,1,0,1,1,0,1,0,2,2,0,1,0,2,2,0,1,0
ejgbp,0,1,1,0.5,6,0,1,4,0.2,9,0,2,4,0.333333333333333,11,0,3,5,0.375,12
ejgbo,1,1,0,1,0,1,1,0,1,0,1,1,0,1,0,1,1,0,1,0
ejgbm,1,1,0,1,0,1,1,0,1,0,2,2,0,1,0,2,2,0,1,0
ejgbl,2,3,1,0.75,2,2,3,1,0.75,2,3,4,1,0.8,2,3,4,1,0.8,2
ejgbe,2,4,2,0.666666666666667,1,6,8,2,0.8,2,9,12,3,0.8,3,7,12,5,0.705882352941177,3
ejgbb,1,1,0,1,0,1,1,0,1,0,1,1,0,1,0,1,1,0,1,0
ejgb9,1,2,1,0.666666666666667,4,1,3,2,0.6,11,0,3,3,0.5,11,0,3,3,0.5,12
ejgb8,3,3,0,1,1,6,6,0,1,2,8,8,0,1,2,8,8,0,1,2
ejgb7,1,1,0,1,0,1,1,0,1,0,1,1,0,1,0,1,1,0,1,0
ejgb1,3,3,0,1,3,5,5,0,1,4,6,6,0,1,5,5,6,1,0.857142857142857,6
ejgay,0,1,1,0.5,0,2,3,1,0.75,0,3,4,1,0.8,0,2,4,2,0.666666666666667,0
ejgau,4,5,1,0.833333333333333,1,4,6,2,0.75,1,5,7,2,0.777777777777778,2,5,7,2,0.777777777777778,2
ejgar,2,2,0,1,1,3,3,0,1,1,3,3,0,1,1,3,3,0,1,1
ejgag,2,3,1,0.75,0,2,3,1,0.75,0,2,3,1,0.75,0,2,3,1,0.75,0
ejgaf,1,1,0,1,0,1,1,0,1,0,1,1,0,1,0,1,1,0,1,0
ejgae,0,1,2,0.333333333333333,0,0,2,3,0.4,0,0,2,3,0.4,0,0,2,3,0.4,0
ejgad,2,3,1,0.75,1,3,4,1,0.8,1,3,4,1,0.8,1,3,5,2,0.714285714285714,1
ejgaa,0,1,1,0.5,0,0,1,1,0.5,0,0,1,1,0.5,0,0,1,1,0.5,0
ejg9z,1,1,0,1,10,1,1,0,1,11,1,1,0,1,12,1,1,0,1,12
ejg9x,0,1,1,0.5,4,1,2,1,0.666666666666667,6,1,2,1,0.666666666666667,6,1,2,1,0.666666666666667,6
ejg9u,0,1,4,0.2,0,0,1,4,0.2,0,0,3,5,0.375,0,0,3,5,0.375,0
ejg9s,3,3,0,1,0,2,3,1,0.75,0,3,4,1,0.8,0,3,4,1,0.8,0
ejg9p,2,2,0,1,1,3,3,0,1,1,3,3,0,1,1,3,3,0,1,1
ejg9h,1,1,0,1,0,1,1,0,1,0,1,1,0,1,0,1,1,0,1,0
ejg9b,0,3,5,0.375,2,0,3,6,0.333333333333333,4,0,3,7,0.3,5,0,3,7,0.3,5
ejg9a,2,2,0,1,0,2,2,0,1,0,2,2,0,1,0,2,2,0,1,0
ejg99,1,1,0,1,3,2,2,0,1,10,2,2,0,1,11,2,2,0,1,11
ejg98,1,1,0,1,0,1,1,0,1,0,1,1,0,1,0,1,2,1,0.666666666666667,0
ejg96,2,2,0,1,1,3,3,0,1,3,3,3,0,1,3,4,4,0,1,3
ejg95,3,3,0,1,0,3,4,1,0.8,0,2,4,2,0.666666666666667,0,3,5,2,0.714285714285714,0
ejg92,3,4,1,0.8,0,3,4,1,0.8,0,2,4,2,0.666666666666667,0,2,4,2,0.666666666666667,0
ejg90,3,3,0,1,3,3,3,0,1,4,3,3,0,1,4,3,3,0,1,4
ejg8z,1,2,1,0.666666666666667,0,1,2,1,0.666666666666667,0,1,2,1,0.666666666666667,0,1,2,1,0.666666666666667,0
ejg8y,1,1,0,1,0,1,1,0,1,0,1,1,0,1,0,1,1,0,1,0
ejg8w,2,2,0,1,1,2,2,0,1,1,2,2,0,1,1,2,2,0,1,1
ejg8t,3,3,0,1,1,4,4,0,1,1,4,4,0,1,1,4,4,0,1,1
ejg8q,1,1,0,1,1,1,1,0,1,1,2,2,0,1,1,2,2,0,1,1
ejg8m,1,1,0,1,0,1,1,0,1,0,3,3,0,1,0,3,3,0,1,0
ejg8l,2,4,2,0.666666666666667,0,2,4,2,0.666666666666667,0,2,4,2,0.666666666666667,0,2,4,2,0.666666666666667,0
ejg8h,1,1,0,1,0,1,1,0,1,0,1,1,0,1,0,1,1,0,1,0
ejg8d,1,1,0,1,0,4,4,0,1,2,4,4,0,1,2,6,6,0,1,3
ejg8b,0,1,1,0.5,2,0,1,1,0.5,2,0,1,1,0.5,2,0,1,1,0.5,2
ejg86,1,1,0,1,5,1,1,0,1,5,1,1,0,1,5,1,1,0,1,5
ejg85,2,2,0,1,0,2,2,0,1,0,2,2,0,1,0,2,2,0,1,0
ejg81,3,3,0,1,0,3,3,0,1,0,2,3,1,0.75,0,2,3,1,0.75,0
ejg7w,2,7,5,0.583333333333333,2,3,9,6,0.6,5,3,9,6,0.6,6,3,9,6,0.6,6
ejg7t,1,1,0,1,0,1,1,0,1,0,1,1,0,1,0,1,1,0,1,0
ejg7s,0,1,1,0.5,0,0,1,1,0.5,0,0,1,1,0.5,0,0,1,1,0.5,0
ejg7k,2,2,0,1,0,2,2,0,1,0,3,3,0,1,0,3,3,0,1,0
ejg7i,3,3,0,1,0,3,3,0,1,0,3,3,0,1,0,3,3,0,1,0
ejg7a,2,2,0,1,0,2,2,0,1,0,2,2,0,1,0,2,2,0,1,0
ejg79,4,4,0,1,5,7,7,0,1,6,8,8,0,1,6,8,8,0,1,6
ejg73,1,1,0,1,0,2,2,0,1,0,4,4,0,1,0,4,4,0,1,0
ejg70,0,3,3,0.5,1,0,3,4,0.428571428571429,1,0,3,4,0.428571428571429,1,0,3,4,0.428571428571429,1
ejg6w,1,1,0,1,0,1,1,0,1,0,1,1,0,1,0,1,1,0,1,0
ejg6v,1,5,4,0.555555555555556,1,0,5,5,0.5,1,0,5,5,0.5,1,0,6,6,0.5,3
ejg6q,3,3,0,1,0,1,3,2,0.6,0,1,3,2,0.6,0,1,3,2,0.6,0
ejg6m,1,1,0,1,1,1,1,0,1,1,0,1,1,0.5,1,0,1,1,0.5,1
ejg6j,1,1,0,1,0,2,2,0,1,0,2,2,0,1,0,2,2,0,1,0
